,index,label,prediction,FinalLabel
0,184,3,2,False
1,432,9,6,False
2,293,5,1,False
3,468,11,9,False
4,71,1,0,False
5,246,4,3,False
6,369,7,7,True
7,169,3,3,True
8,300,5,5,True
9,340,6,5,False
10,356,7,5,False
11,99,2,3,False
12,250,4,2,False
13,357,7,6,False
14,148,2,1,False
15,424,9,6,False
16,84,1,2,False
17,141,2,1,False
18,25,0,1,False
19,367,7,5,False
20,469,11,8,False
21,37,0,0,True
22,275,5,5,True
23,92,1,1,True
24,304,5,2,False
25,258,4,3,False
26,449,10,6,False
27,388,8,11,False
28,368,7,11,False
29,350,6,1,False
30,244,4,3,False
31,336,6,5,False
32,372,7,5,False
33,297,5,8,False
34,450,10,9,False
35,299,5,4,False
36,378,7,7,True
37,140,2,0,False
38,269,5,3,False
39,257,4,3,False
40,108,2,1,False
41,265,5,3,False
42,149,2,2,True
43,262,5,6,False
44,93,1,1,True
45,292,5,5,True
46,407,8,8,True
47,259,4,3,False
48,248,4,3,False
49,365,7,6,False
50,91,1,1,True
51,308,5,1,False
52,396,8,4,False
53,310,5,6,False
54,143,2,1,False
55,298,5,2,False
56,172,3,2,False
57,455,10,11,False
58,280,5,2,False
59,320,6,5,False
60,206,3,3,True
61,393,8,8,True
62,252,4,2,False
63,156,2,2,True
64,458,10,11,False
65,433,9,5,False
66,230,4,4,True
67,324,6,6,True
68,65,1,0,False
69,146,2,1,False
70,379,7,7,True
71,481,11,11,True
72,436,9,5,False
73,296,5,2,False
74,61,1,0,False
75,451,10,9,False
76,233,4,3,False
77,414,8,5,False
78,406,8,5,False
79,35,0,1,False
80,392,8,2,False
81,295,5,5,True
82,177,3,2,False
83,175,3,3,True
84,41,0,0,True
85,96,1,2,False
86,178,3,4,False
87,158,2,1,False
88,309,5,3,False
89,395,8,5,False
90,22,0,0,True
91,27,0,0,True
92,88,1,2,False
93,454,10,11,False
94,62,1,1,True
95,376,7,1,False
96,70,1,1,True
97,174,3,2,False
98,207,3,2,False
99,147,2,1,False
100,251,4,3,False
101,380,7,7,True
102,181,3,2,False
103,101,2,3,False
104,351,6,11,False
105,237,4,3,False
106,20,0,0,True
107,135,2,1,False
108,210,3,2,False
109,429,9,4,False
110,185,3,1,False
111,119,2,2,True
112,373,7,8,False
113,464,11,6,False
114,46,1,0,False
115,227,4,3,False
116,271,5,5,True
117,43,0,0,True
118,444,10,5,False
119,113,2,2,True
120,411,8,8,True
121,352,6,4,False
122,142,2,1,False
123,330,6,1,False
124,435,9,9,True
125,154,2,1,False
126,72,1,1,True
127,418,8,6,False
128,64,1,0,False
129,453,10,8,False
130,283,5,4,False
131,0,0,0,True
132,74,1,2,False
133,272,5,2,False
134,39,0,0,True
135,19,0,0,True
136,161,3,2,False
137,467,11,5,False
138,1,0,0,True
139,170,3,3,True
140,291,5,3,False
141,370,7,5,False
142,160,3,1,False
143,75,1,1,True
144,112,2,3,False
145,430,9,5,False
146,277,5,3,False
147,234,4,2,False
148,337,6,2,False
149,231,4,4,True
150,391,8,9,False
151,358,7,8,False
152,109,2,2,True
153,290,5,3,False
154,51,1,1,True
155,162,3,3,True
156,260,4,3,False
157,349,6,5,False
158,403,8,2,False
159,446,10,11,False
160,136,2,0,False
161,98,2,2,True
162,384,7,2,False
163,327,6,6,True
164,404,8,11,False
165,322,6,4,False
166,457,10,8,False
167,461,10,11,False
168,10,0,0,True
169,478,11,11,True
170,45,1,1,True
171,52,1,0,False
172,374,7,8,False
173,3,0,0,True
174,36,0,1,False
175,103,2,1,False
176,138,2,1,False
177,445,10,8,False
178,338,6,2,False
179,18,0,0,True
180,241,4,3,False
181,193,3,1,False
182,144,2,2,True
183,328,6,5,False
184,279,5,3,False
185,5,0,0,True
186,16,0,0,True
187,224,4,4,True
188,189,3,2,False
189,28,0,0,True
190,81,1,1,True
191,15,0,0,True
192,470,11,7,False
193,104,2,1,False
194,228,4,2,False
195,216,4,3,False
196,364,7,6,False
197,477,11,6,False
198,163,3,5,False
199,157,2,2,True
200,86,1,0,False
201,425,9,9,True
202,219,4,2,False
203,132,2,1,False
204,476,11,11,True
205,102,2,3,False
206,24,0,0,True
207,482,11,6,False
208,80,1,0,False
209,281,5,3,False
210,317,6,4,False
211,114,2,2,True
212,56,1,1,True
213,191,3,2,False
214,462,11,5,False
215,355,7,3,False
216,53,1,0,False
217,54,1,1,True
218,222,4,2,False
219,69,1,1,True
220,57,1,1,True
221,29,0,0,True
222,347,6,2,False
223,165,3,2,False
224,386,7,3,False
225,26,0,0,True
226,285,5,2,False
227,240,4,2,False
228,413,8,3,False
229,186,3,3,True
230,8,0,0,True
231,196,3,1,False
232,63,1,0,False
233,399,8,11,False
234,17,0,0,True
235,95,1,1,True
236,261,5,5,True
237,460,10,5,False
238,264,5,3,False
239,474,11,3,False
240,187,3,3,True
241,50,1,0,False
242,447,10,11,False
243,171,3,3,True
244,89,1,2,False
245,419,9,7,False
246,58,1,1,True
247,314,6,6,True
248,145,2,1,False
249,415,8,2,False
250,334,6,5,False
251,410,8,5,False
252,44,1,0,False
253,129,2,1,False
254,278,5,5,True
255,394,8,5,False
256,361,7,6,False
257,168,3,2,False
258,137,2,1,False
259,47,1,0,False
260,226,4,1,False
261,229,4,2,False
262,176,3,3,True
263,459,10,9,False
264,151,2,2,True
265,209,3,2,False
266,366,7,7,True
267,66,1,0,False
268,236,4,3,False
269,284,5,4,False
270,133,2,2,True
271,323,6,1,False
272,267,5,5,True
273,100,2,3,False
274,115,2,2,True
275,442,9,11,False
276,479,11,8,False
277,90,1,1,True
278,428,9,6,False
279,371,7,3,False
280,7,0,0,True
281,77,1,0,False
282,225,4,2,False
283,79,1,1,True
284,243,4,3,False
285,303,5,5,True
286,123,2,1,False
287,416,8,11,False
288,125,2,2,True
289,60,1,0,False
290,82,1,2,False
291,23,0,0,True
292,134,2,2,True
293,287,5,2,False
294,131,2,1,False
295,55,1,1,True
296,11,0,0,True
297,14,0,0,True
298,127,2,1,False
299,9,0,0,True
300,421,9,7,False
301,198,3,3,True
302,239,4,2,False
303,465,11,11,True
304,270,5,2,False
305,2,0,1,False
306,319,6,6,True
307,152,2,2,True
308,130,2,1,False
309,390,8,9,False
310,412,8,3,False
311,359,7,3,False
312,215,4,2,False
313,153,2,1,False
314,6,0,1,False
315,126,2,2,True
316,315,6,5,False
317,204,3,5,False
318,439,9,11,False
319,254,4,3,False
320,301,5,3,False
321,302,5,3,False
322,409,8,5,False
323,78,1,0,False
324,282,5,2,False
325,87,1,0,False
326,422,9,8,False
327,448,10,2,False
328,212,3,3,True
329,213,4,3,False
330,122,2,1,False
331,21,0,0,True
332,73,1,1,True
333,120,2,2,True
334,382,7,6,False
335,434,9,6,False
336,456,10,11,False
337,398,8,7,False
338,12,0,0,True
339,105,2,2,True
340,106,2,1,False
341,256,4,2,False
342,466,11,5,False
343,200,3,2,False
344,329,6,4,False
345,401,8,7,False
346,452,10,9,False
347,402,8,2,False
348,211,3,2,False
349,397,8,3,False
350,31,0,0,True
351,67,1,1,True
352,472,11,6,False
353,155,2,3,False
354,408,8,5,False
355,85,1,0,False
356,34,0,0,True
357,255,4,3,False
358,475,11,8,False
359,294,5,3,False
360,427,9,5,False
361,111,2,2,True
362,68,1,1,True
363,116,2,2,True
364,348,6,6,True
365,197,3,1,False
366,360,7,1,False
367,305,5,3,False
368,343,6,6,True
369,318,6,5,False
370,345,6,6,True
371,321,6,7,False
372,195,3,2,False
373,205,3,1,False
374,316,6,6,True
375,311,6,5,False
376,220,4,4,True
377,266,5,6,False
378,253,4,5,False
379,423,9,6,False
380,159,3,3,True
381,232,4,2,False
382,363,7,2,False
383,59,1,1,True
384,331,6,9,False
385,245,4,2,False
386,124,2,2,True
387,179,3,3,True
388,221,4,3,False
389,97,2,3,False
390,387,8,11,False
391,121,2,3,False
392,202,3,3,True
393,273,5,2,False
394,313,6,5,False
395,325,6,3,False
396,346,6,4,False
397,326,6,5,False
398,30,0,1,False
399,107,2,1,False
400,139,2,2,True
401,180,3,1,False
402,400,8,8,True
403,344,6,7,False
404,420,9,11,False
405,437,9,6,False
406,268,5,3,False
407,426,9,11,False
408,306,5,4,False
409,332,6,5,False
410,354,7,4,False
411,362,7,7,True
412,182,3,1,False
413,42,0,0,True
414,263,5,2,False
415,385,7,3,False
416,223,4,2,False
417,289,5,5,True
418,203,3,1,False
419,83,1,1,True
420,208,3,3,True
421,274,5,2,False
422,48,1,0,False
423,341,6,9,False
424,199,3,1,False
425,440,9,11,False
426,118,2,2,True
427,473,11,4,False
428,4,0,0,True
429,32,0,1,False
430,188,3,3,True
431,40,0,0,True
432,353,7,5,False
433,247,4,2,False
434,173,3,2,False
435,117,2,4,False
436,110,2,3,False
437,377,7,8,False
438,333,6,3,False
439,128,2,2,True
440,214,4,3,False
441,431,9,9,True
442,238,4,3,False
443,389,8,6,False
444,441,9,11,False
445,307,5,1,False
446,438,9,6,False
447,166,3,2,False
448,405,8,6,False
449,417,8,5,False
450,150,2,2,True
451,383,7,2,False
452,190,3,2,False
453,242,4,2,False
454,339,6,2,False
455,94,1,1,True
456,381,7,5,False
457,217,4,2,False
458,194,3,2,False
459,183,3,3,True
460,192,3,4,False
461,288,5,2,False
462,443,10,8,False
463,249,4,3,False
464,13,0,0,True
465,218,4,2,False
466,235,4,3,False
467,164,3,2,False
468,201,3,2,False
469,76,1,2,False
470,463,11,11,True
471,286,5,4,False
472,312,6,6,True
473,276,5,3,False
474,471,11,6,False
475,167,3,2,False
476,38,0,0,True
477,342,6,6,True
478,33,0,0,True
479,49,1,0,False
480,335,6,5,False
481,375,7,4,False
482,480,11,11,True
