,index,label,prediction,FinalLabel
0,334,6,5,False
1,227,4,3,False
2,271,5,5,True
3,470,11,7,False
4,473,11,11,True
5,437,9,11,False
6,267,5,3,False
7,396,8,5,False
8,185,3,3,True
9,262,5,5,True
10,383,7,2,False
11,169,3,3,True
12,28,0,0,True
13,330,6,1,False
14,392,8,6,False
15,201,3,3,True
16,292,5,5,True
17,363,7,2,False
18,140,2,0,False
19,111,2,2,True
20,202,3,3,True
21,425,9,11,False
22,280,5,3,False
23,420,9,11,False
24,444,10,3,False
25,302,5,3,False
26,9,0,0,True
27,154,2,1,False
28,322,6,4,False
29,248,4,3,False
30,42,0,0,True
31,315,6,5,False
32,370,7,7,True
33,99,2,3,False
34,25,0,1,False
35,45,1,1,True
36,177,3,2,False
37,60,1,0,False
38,424,9,6,False
39,326,6,5,False
40,465,11,11,True
41,133,2,2,True
42,138,2,1,False
43,482,11,11,True
44,37,0,0,True
45,250,4,2,False
46,251,4,3,False
47,108,2,2,True
48,207,3,2,False
49,268,5,3,False
50,236,4,3,False
51,422,9,8,False
52,65,1,0,False
53,478,11,11,True
54,47,1,1,True
55,364,7,5,False
56,190,3,3,True
57,4,0,0,True
58,453,10,8,False
59,296,5,2,False
60,206,3,5,False
61,440,9,11,False
62,78,1,1,True
63,79,1,2,False
64,300,5,5,True
65,352,6,4,False
66,116,2,3,False
67,397,8,4,False
68,23,0,0,True
69,358,7,11,False
70,306,5,5,True
71,448,10,8,False
72,93,1,0,False
73,27,0,1,False
74,214,4,3,False
75,265,5,3,False
76,468,11,11,True
77,413,8,6,False
78,32,0,0,True
79,16,0,0,True
80,323,6,1,False
81,445,10,5,False
82,400,8,7,False
83,117,2,5,False
84,283,5,3,False
85,256,4,3,False
86,284,5,3,False
87,127,2,1,False
88,436,9,6,False
89,102,2,5,False
90,228,4,2,False
91,361,7,5,False
92,297,5,6,False
93,264,5,3,False
94,309,5,3,False
95,257,4,3,False
96,52,1,0,False
97,319,6,5,False
98,26,0,0,True
99,57,1,1,True
100,464,11,11,True
101,286,5,5,True
102,332,6,8,False
103,341,6,9,False
104,148,2,2,True
105,312,6,6,True
106,51,1,1,True
107,403,8,1,False
108,94,1,1,True
109,273,5,2,False
110,50,1,0,False
111,91,1,1,True
112,186,3,3,True
113,5,0,0,True
114,157,2,3,False
115,193,3,2,False
116,390,8,5,False
117,180,3,1,False
118,164,3,2,False
119,34,0,0,True
120,92,1,1,True
121,38,0,1,False
122,216,4,3,False
123,404,8,8,True
124,472,11,11,True
125,439,9,11,False
126,454,10,11,False
127,463,11,11,True
128,217,4,2,False
129,208,3,3,True
130,24,0,0,True
131,255,4,3,False
132,36,0,1,False
133,71,1,1,True
134,153,2,1,False
135,43,0,0,True
136,293,5,2,False
137,6,0,1,False
138,67,1,1,True
139,222,4,5,False
140,150,2,2,True
141,230,4,4,True
142,44,1,1,True
143,311,6,4,False
144,450,10,9,False
145,369,7,7,True
146,421,9,11,False
147,382,7,7,True
148,15,0,0,True
149,59,1,1,True
150,254,4,2,False
151,471,11,11,True
152,235,4,3,False
153,109,2,3,False
154,145,2,2,True
155,13,0,0,True
156,141,2,2,True
157,17,0,0,True
158,29,0,1,False
159,259,4,3,False
160,275,5,5,True
161,359,7,5,False
162,316,6,5,False
163,76,1,1,True
164,7,0,0,True
165,308,5,1,False
166,318,6,5,False
167,456,10,6,False
168,278,5,5,True
169,253,4,5,False
170,53,1,0,False
171,98,2,3,False
172,373,7,8,False
173,205,3,1,False
174,130,2,2,True
175,1,0,0,True
176,225,4,2,False
177,301,5,4,False
178,144,2,1,False
179,85,1,1,True
180,449,10,6,False
181,443,10,11,False
182,135,2,1,False
183,290,5,3,False
184,386,7,1,False
185,119,2,1,False
186,35,0,1,False
187,197,3,2,False
188,14,0,0,True
189,285,5,2,False
190,30,0,0,True
191,476,11,11,True
192,245,4,2,False
193,58,1,1,True
194,72,1,1,True
195,455,10,11,False
196,219,4,4,True
197,126,2,1,False
198,173,3,2,False
199,165,3,2,False
200,19,0,0,True
201,90,1,1,True
202,467,11,11,True
203,282,5,3,False
204,374,7,11,False
205,172,3,3,True
206,184,3,3,True
207,112,2,5,False
208,402,8,1,False
209,277,5,3,False
210,113,2,2,True
211,231,4,5,False
212,105,2,2,True
213,429,9,4,False
214,336,6,5,False
215,261,5,5,True
216,423,9,4,False
217,375,7,6,False
218,170,3,3,True
219,426,9,11,False
220,475,11,11,True
221,158,2,2,True
222,70,1,2,False
223,95,1,1,True
224,433,9,5,False
225,188,3,2,False
226,31,0,0,True
227,391,8,11,False
228,86,1,1,True
229,246,4,2,False
230,64,1,1,True
231,393,8,7,False
232,147,2,2,True
233,223,4,2,False
234,54,1,1,True
235,446,10,11,False
236,115,2,2,True
237,226,4,2,False
238,82,1,2,False
239,200,3,2,False
240,365,7,7,True
241,174,3,3,True
242,191,3,3,True
243,131,2,1,False
244,299,5,3,False
245,362,7,7,True
246,368,7,11,False
247,408,8,5,False
248,125,2,3,False
249,104,2,2,True
250,466,11,5,False
251,196,3,2,False
252,101,2,3,False
253,10,0,0,True
254,161,3,3,True
255,249,4,3,False
256,405,8,7,False
257,240,4,2,False
258,198,3,2,False
259,347,6,6,True
260,269,5,5,True
261,103,2,1,False
262,209,3,2,False
263,349,6,5,False
264,479,11,7,False
265,84,1,2,False
266,244,4,1,False
267,224,4,5,False
268,344,6,6,True
269,146,2,2,True
270,61,1,0,False
271,181,3,2,False
272,333,6,5,False
273,313,6,6,True
274,288,5,6,False
275,357,7,6,False
276,329,6,6,True
277,212,3,3,True
278,381,7,6,False
279,48,1,0,False
280,351,6,11,False
281,100,2,3,False
282,281,5,3,False
283,266,5,5,True
284,187,3,2,False
285,416,8,11,False
286,12,0,0,True
287,279,5,5,True
288,149,2,2,True
289,74,1,2,False
290,33,0,0,True
291,151,2,2,True
292,171,3,3,True
293,68,1,1,True
294,461,10,11,False
295,380,7,7,True
296,143,2,1,False
297,310,5,5,True
298,258,4,5,False
299,163,3,3,True
300,55,1,1,True
301,388,8,11,False
302,418,8,6,False
303,220,4,4,True
304,221,4,3,False
305,343,6,4,False
306,399,8,11,False
307,88,1,2,False
308,189,3,3,True
309,137,2,0,False
310,378,7,7,True
311,87,1,1,True
312,18,0,0,True
313,320,6,5,False
314,346,6,4,False
315,247,4,3,False
316,160,3,1,False
317,128,2,2,True
318,328,6,5,False
319,469,11,11,True
320,178,3,3,True
321,458,10,6,False
322,481,11,11,True
323,417,8,8,True
324,129,2,2,True
325,159,3,3,True
326,389,8,5,False
327,447,10,11,False
328,295,5,3,False
329,376,7,2,False
330,414,8,5,False
331,229,4,3,False
332,321,6,6,True
333,97,2,2,True
334,354,7,4,False
335,175,3,7,False
336,407,8,7,False
337,166,3,2,False
338,457,10,11,False
339,345,6,11,False
340,89,1,2,False
341,401,8,7,False
342,304,5,2,False
343,263,5,2,False
344,155,2,5,False
345,480,11,7,False
346,106,2,1,False
347,179,3,3,True
348,460,10,3,False
349,192,3,5,False
350,324,6,4,False
351,114,2,3,False
352,62,1,1,True
353,474,11,4,False
354,451,10,11,False
355,395,8,5,False
356,294,5,4,False
357,237,4,3,False
358,77,1,1,True
359,337,6,5,False
360,83,1,1,True
361,427,9,4,False
362,49,1,0,False
363,430,9,5,False
364,442,9,8,False
365,243,4,3,False
366,80,1,1,True
367,8,0,0,True
368,66,1,1,True
369,314,6,6,True
370,121,2,3,False
371,462,11,5,False
372,162,3,3,True
373,41,0,1,False
374,238,4,3,False
375,22,0,1,False
376,411,8,4,False
377,406,8,4,False
378,307,5,1,False
379,394,8,4,False
380,0,0,1,False
381,199,3,2,False
382,398,8,7,False
383,156,2,3,False
384,134,2,3,False
385,139,2,3,False
386,167,3,2,False
387,132,2,1,False
388,379,7,9,False
389,339,6,2,False
390,232,4,2,False
391,415,8,4,False
392,272,5,3,False
393,252,4,3,False
394,213,4,3,False
395,40,0,0,True
396,2,0,1,False
397,428,9,6,False
398,96,1,2,False
399,385,7,2,False
400,39,0,0,True
401,136,2,0,False
402,409,8,6,False
403,342,6,7,False
404,241,4,3,False
405,215,4,2,False
406,419,9,7,False
407,3,0,0,True
408,274,5,1,False
409,152,2,3,False
410,168,3,3,True
411,435,9,5,False
412,194,3,2,False
413,305,5,3,False
414,21,0,0,True
415,142,2,2,True
416,123,2,1,False
417,183,3,3,True
418,459,10,11,False
419,338,6,2,False
420,203,3,2,False
421,360,7,1,False
422,452,10,11,False
423,477,11,11,True
424,242,4,3,False
425,366,7,7,True
426,210,3,3,True
427,182,3,1,False
428,176,3,3,True
429,75,1,2,False
430,431,9,11,False
431,63,1,1,True
432,270,5,3,False
433,260,4,2,False
434,353,7,6,False
435,46,1,0,False
436,298,5,5,True
437,291,5,3,False
438,335,6,5,False
439,434,9,6,False
440,377,7,7,True
441,412,8,3,False
442,317,6,5,False
443,276,5,3,False
444,107,2,1,False
445,371,7,3,False
446,327,6,6,True
447,289,5,5,True
448,367,7,6,False
449,81,1,0,False
450,432,9,7,False
451,384,7,2,False
452,69,1,2,False
453,325,6,3,False
454,438,9,6,False
455,387,8,11,False
456,120,2,2,True
457,410,8,9,False
458,124,2,2,True
459,110,2,2,True
460,340,6,5,False
461,195,3,2,False
462,356,7,7,True
463,355,7,5,False
464,372,7,5,False
465,233,4,3,False
466,211,3,3,True
467,56,1,1,True
468,118,2,2,True
469,122,2,1,False
470,331,6,5,False
471,204,3,5,False
472,348,6,8,False
473,73,1,1,True
474,218,4,2,False
475,441,9,11,False
476,350,6,1,False
477,20,0,0,True
478,287,5,2,False
479,11,0,0,True
480,234,4,3,False
481,239,4,2,False
482,303,5,5,True
